{"cameraMode":{"drawMode":0,"name":"Shaded","section":"Shading Mode"},"sceneLighting":false,"audioPlay":false,"sceneViewState":{"showFog":true,"showMaterialUpdate":false,"showSkybox":false,"showFlares":true,"showImageEffects":true,"showParticleSystems":true},"in2DMode":false,"pivot":{"x":1.1659847497940064,"y":2.89229679107666,"z":-2.822126865386963},"rotation":{"x":-0.31910866498947146,"y":0.0738878846168518,"z":-0.026547132059931756,"w":-0.9449266791343689},"size":0.62259840965271,"orthographic":false}